{"cameraMode":{"drawMode":0,"name":"Shaded","section":"Shading Mode"},"sceneLighting":false,"audioPlay":false,"sceneViewState":{"m_AlwaysRefresh":false,"showFog":true,"showSkybox":true,"showFlares":true,"showImageEffects":true,"showParticleSystems":true,"showVisualEffectGraphs":true,"m_FxEnabled":true},"in2DMode":false,"pivot":{"x":38.29444885253906,"y":50.07020950317383,"z":64.19933319091797},"rotation":{"x":0.18055540323257447,"y":-0.36302676796913149,"z":0.06965147703886032,"w":0.9117216467857361},"size":1.2247449159622193,"orthographic":false}