{"cameraMode":{"drawMode":0,"name":"Shaded","section":"Shading Mode"},"sceneLighting":false,"audioPlay":false,"sceneViewState":{"m_AlwaysRefresh":false,"showFog":true,"showSkybox":true,"showFlares":true,"showImageEffects":true,"showParticleSystems":true,"showVisualEffectGraphs":true,"m_FxEnabled":true},"in2DMode":false,"pivot":{"x":39.441795349121097,"y":50.24971389770508,"z":64.43787384033203},"rotation":{"x":0.20937111973762513,"y":0.04452412575483322,"z":-0.011511706747114659,"w":0.9769993424415588},"size":1.062134861946106,"orthographic":false}