{"cameraMode":{"drawMode":0,"name":"Shaded","section":"Shading Mode"},"sceneLighting":false,"audioPlay":false,"sceneViewState":{"m_AlwaysRefresh":false,"showFog":true,"showSkybox":true,"showFlares":true,"showImageEffects":true,"showParticleSystems":true,"showVisualEffectGraphs":true,"m_FxEnabled":true},"in2DMode":false,"pivot":{"x":37.57115936279297,"y":3.942988634109497,"z":190.73866271972657},"rotation":{"x":-0.41123804450035097,"y":0.47105398774147036,"z":-0.2603479027748108,"w":-0.7359991073608398},"size":0.47548675537109377,"orthographic":false}