{"cameraMode":{"drawMode":0,"name":"Shaded","section":"Shading Mode"},"sceneLighting":false,"audioPlay":false,"sceneViewState":{"m_AlwaysRefresh":false,"showFog":true,"showSkybox":true,"showFlares":true,"showImageEffects":true,"showParticleSystems":true,"showVisualEffectGraphs":true,"m_FxEnabled":true},"in2DMode":false,"pivot":{"x":78.52641296386719,"y":50.00712966918945,"z":27.417720794677736},"rotation":{"x":0.2727625370025635,"y":-0.37228143215179446,"z":0.11316321045160294,"w":0.8801594376564026},"size":2.8123912811279299,"orthographic":false}