{"cameraMode":{"drawMode":0,"name":"Shaded","section":"Shading Mode"},"sceneLighting":false,"audioPlay":false,"sceneViewState":{"m_AlwaysRefresh":false,"showFog":true,"showSkybox":true,"showFlares":true,"showImageEffects":true,"showParticleSystems":true,"showVisualEffectGraphs":true,"m_FxEnabled":true},"in2DMode":false,"pivot":{"x":-0.01512572169303894,"y":0.3219643533229828,"z":-0.036240413784980777},"rotation":{"x":-0.330761194229126,"y":-0.2896605432033539,"z":0.10749094188213349,"w":-0.8917462229728699},"size":0.5976139307022095,"orthographic":false}